Faixa de Renda,Quantidade,Preço Médio,Renda Média,Percentual (%)
Alta (> 1M),7681,28235.058065356072,1619796.840515558,32.13000920271062
Baixa (< 50k),5275,27884.297819905212,13501.342180094787,22.065590228394548
Média (100k-500k),2102,28505.3515699334,406617.8748810656,8.792771689115703
Média-Alta (500k-1M),8847,27987.008477449985,734078.5544252289,37.00744582949887
Média-Baixa (50k-100k),1,43000.0,85000.0,0.004183050280264369
