Tipo de Carroceria,Quantidade,Receita Total,Preço Médio
SUV,6374,170617149,26767.673203639788
Hatchback,6128,166234474,27127.035574412534
Sedan,4488,133889619,29832.80280748663
Passenger,3945,114176315,28942.031685678074
Hardtop,2971,86607908,29151.09660047122
