Cor,Quantidade,Preço Médio
Pale White,11256,27483.89036958067
Black,7857,28564.798014509353
Red,4793,28736.31900688504
