Região,Nº Concessionárias,Quantidade,Receita Total,Ticket Médio,Receita por Concessionária
Aurora,28,3130,88687382,28334.626837060703,3167406.5
Austin,28,4135,117192531,28341.60362756953,4185447.535714286
Greenville,28,3128,88149602,28180.81905370844,3148200.0714285714
Janesville,28,3821,106351234,27833.35095524732,3798258.3571428573
Middletown,28,3128,87134628,27856.338874680307,3111951.0
Pasco,28,3131,88040714,28119.039923347173,3144311.214285714
Scottsdale,28,3433,95969374,27954.958928051266,3427477.6428571427
