Gênero,Quantidade,Preço Médio,Renda Média,Percentual (%)
Female,5108,28277.265270164447,755973.021339076,21.3670208315904
Male,18798,28039.429407383763,851184.0442068306,78.6329791684096
