Região,Quantidade,Receita Total,Percentual (%)
Austin,4135,117192531,17.451688298968676
Janesville,3821,106351234,15.837260021107316
Scottsdale,3433,95969374,14.29124865726425
Aurora,3130,88687382,13.206853145919045
Greenville,3128,88149602,13.126769809094283
Pasco,3131,88040714,13.11055478737504
Middletown,3128,87134628,12.97562528027139
