Marca,Quantidade,Receita Total,Preço Médio
Chevrolet,1819,47655265,26198.60637713029
Dodge,1671,44124996,26406.341113105926
Ford,1614,47231583,29263.68215613383
Volkswagen,1333,34082881,25568.552888222057
Mercedes-B,1285,34624123,26944.84280155642
Mitsubishi,1277,34062466,26673.81832419734
Chrysler,1120,29141873,26019.529464285715
Oldsmobile,1111,35434512,31894.2502250225
Toyota,1110,32759564,29513.12072072072
Nissan,886,23964095,27047.511286681714
