Transmissão,Quantidade,Preço Médio
Auto,12571,28248.525972476335
Manual,11335,27914.71063078959
